country_name;year;v2x_polyarchy;v2x_libdem
Mexico;1950;0.201;0.093
Mexico;1951;0.201;0.093
Mexico;1952;0.209;0.096
Mexico;1953;0.208;0.106
Mexico;1954;0.243;0.113
Mexico;1955;0.246;0.112
Mexico;1956;0.249;0.113
Mexico;1957;0.249;0.113
Mexico;1958;0.247;0.114
Mexico;1959;0.242;0.111
Mexico;1960;0.235;0.107
Mexico;1961;0.235;0.109
Mexico;1962;0.222;0.109
Mexico;1963;0.222;0.109
Mexico;1964;0.238;0.107
Mexico;1965;0.248;0.108
Mexico;1966;0.248;0.108
Mexico;1967;0.244;0.106
Mexico;1968;0.255;0.109
Mexico;1969;0.244;0.11
Mexico;1970;0.245;0.104
Mexico;1971;0.248;0.104
Mexico;1972;0.253;0.105
Mexico;1973;0.26;0.106
Mexico;1974;0.258;0.106
Mexico;1975;0.258;0.115
Mexico;1976;0.26;0.115
Mexico;1977;0.282;0.125
Mexico;1978;0.308;0.138
Mexico;1979;0.306;0.134
Mexico;1980;0.293;0.13
Mexico;1981;0.312;0.129
Mexico;1982;0.317;0.13
Mexico;1983;0.342;0.156
Mexico;1984;0.342;0.156
Mexico;1985;0.342;0.155
Mexico;1986;0.348;0.154
Mexico;1987;0.341;0.151
Mexico;1988;0.354;0.153
Mexico;1989;0.37;0.157
Mexico;1990;0.389;0.206
Mexico;1991;0.435;0.221
Mexico;1992;0.448;0.226
Mexico;1993;0.438;0.222
Mexico;1994;0.482;0.281
Mexico;1995;0.514;0.295
Mexico;1996;0.528;0.308
Mexico;1997;0.546;0.336
Mexico;1998;0.596;0.371
Mexico;1999;0.606;0.383
Mexico;2000;0.619;0.414
Mexico;2001;0.698;0.511
Mexico;2002;0.711;0.528
Mexico;2003;0.715;0.537
Mexico;2004;0.72;0.543
Mexico;2005;0.72;0.543
Mexico;2006;0.698;0.533
Mexico;2007;0.661;0.5
Mexico;2008;0.648;0.478
Mexico;2009;0.672;0.5
Mexico;2010;0.657;0.486
Mexico;2011;0.67;0.498
Mexico;2012;0.665;0.467
Mexico;2013;0.674;0.501
Mexico;2014;0.681;0.507
Mexico;2015;0.649;0.429
Mexico;2016;0.68;0.472
Mexico;2017;0.66;0.446
Mexico;2018;0.725;0.502
Mexico;2019;0.71;0.486
Suriname;1950;0.476;0.393
Suriname;1951;0.494;0.409
Suriname;1952;0.498;0.413
Suriname;1953;0.498;0.413
Suriname;1954;0.498;0.413
Suriname;1955;0.534;0.437
Suriname;1956;0.56;0.455
Suriname;1957;0.558;0.453
Suriname;1958;0.55;0.448
Suriname;1959;0.542;0.44
Suriname;1960;0.542;0.444
Suriname;1961;0.542;0.444
Suriname;1962;0.542;0.444
Suriname;1963;0.53;0.438
Suriname;1964;0.526;0.434
Suriname;1965;0.526;0.434
Suriname;1966;0.526;0.434
Suriname;1967;0.539;0.445
Suriname;1968;0.542;0.447
Suriname;1969;0.543;0.448
Suriname;1970;0.561;0.451
Suriname;1971;0.561;0.451
Suriname;1972;0.561;0.451
Suriname;1973;0.558;0.452
Suriname;1974;0.523;0.426
Suriname;1975;0.698;0.568
Suriname;1976;0.714;0.603
Suriname;1977;0.723;0.603
Suriname;1978;0.767;0.654
Suriname;1979;0.767;0.654
Suriname;1980;0.307;0.167
Suriname;1981;0.181;0.136
Suriname;1982;0.168;0.143
Suriname;1983;0.171;0.142
Suriname;1984;0.171;0.142
Suriname;1985;0.172;0.186
Suriname;1986;0.173;0.187
Suriname;1987;0.189;0.201
Suriname;1988;0.641;0.503
Suriname;1989;0.678;0.531
Suriname;1990;0.715;0.206
Suriname;1991;0.459;0.382
Suriname;1992;0.805;0.664
Suriname;1993;0.807;0.691
Suriname;1994;0.807;0.694
Suriname;1995;0.807;0.694
Suriname;1996;0.795;0.687
Suriname;1997;0.792;0.684
Suriname;1998;0.792;0.684
Suriname;1999;0.792;0.684
Suriname;2000;0.807;0.702
Suriname;2001;0.78;0.683
Suriname;2002;0.78;0.674
Suriname;2003;0.78;0.675
Suriname;2004;0.78;0.681
Suriname;2005;0.794;0.693
Suriname;2006;0.765;0.663
Suriname;2007;0.747;0.649
Suriname;2008;0.763;0.663
Suriname;2009;0.763;0.663
Suriname;2010;0.773;0.649
Suriname;2011;0.772;0.644
Suriname;2012;0.772;0.639
Suriname;2013;0.789;0.653
Suriname;2014;0.789;0.653
Suriname;2015;0.801;0.667
Suriname;2016;0.808;0.676
Suriname;2017;0.777;0.64
Suriname;2018;0.746;0.596
Suriname;2019;0.736;0.55
Colombia;1950;0.142;0.056
Colombia;1951;0.177;0.129
Colombia;1952;0.18;0.13
Colombia;1953;0.144;0.121
Colombia;1954;0.11;0.107
Colombia;1955;0.11;0.11
Colombia;1956;0.11;0.11
Colombia;1957;0.105;0.11
Colombia;1958;0.219;0.171
Colombia;1959;0.357;0.247
Colombia;1960;0.361;0.248
Colombia;1961;0.364;0.246
Colombia;1962;0.389;0.255
Colombia;1963;0.397;0.258
Colombia;1964;0.385;0.256
Colombia;1965;0.357;0.246
Colombia;1966;0.371;0.25
Colombia;1967;0.376;0.25
Colombia;1968;0.386;0.264
Colombia;1969;0.403;0.276
Colombia;1970;0.365;0.251
Colombia;1971;0.366;0.25
Colombia;1972;0.391;0.262
Colombia;1973;0.391;0.27
Colombia;1974;0.434;0.272
Colombia;1975;0.492;0.324
Colombia;1976;0.492;0.33
Colombia;1977;0.47;0.326
Colombia;1978;0.441;0.294
Colombia;1979;0.424;0.289
Colombia;1980;0.43;0.281
Colombia;1981;0.43;0.281
Colombia;1982;0.447;0.286
Colombia;1983;0.462;0.291
Colombia;1984;0.459;0.302
Colombia;1985;0.445;0.298
Colombia;1986;0.459;0.297
Colombia;1987;0.451;0.297
Colombia;1988;0.432;0.29
Colombia;1989;0.432;0.304
Colombia;1990;0.442;0.297
Colombia;1991;0.505;0.386
Colombia;1992;0.57;0.441
Colombia;1993;0.57;0.439
Colombia;1994;0.575;0.445
Colombia;1995;0.595;0.457
Colombia;1996;0.574;0.446
Colombia;1997;0.581;0.443
Colombia;1998;0.558;0.429
Colombia;1999;0.553;0.425
Colombia;2000;0.562;0.435
Colombia;2001;0.53;0.414
Colombia;2002;0.555;0.436
Colombia;2003;0.571;0.451
Colombia;2004;0.553;0.441
Colombia;2005;0.589;0.451
Colombia;2006;0.538;0.424
Colombia;2007;0.562;0.445
Colombia;2008;0.583;0.454
Colombia;2009;0.57;0.459
Colombia;2010;0.596;0.47
Colombia;2011;0.593;0.487
Colombia;2012;0.627;0.508
Colombia;2013;0.624;0.505
Colombia;2014;0.676;0.55
Colombia;2015;0.711;0.573
Colombia;2016;0.652;0.533
Colombia;2017;0.644;0.521
Colombia;2018;0.68;0.55
Colombia;2019;0.667;0.503
Brazil;1950;0.408;0.292
Brazil;1951;0.398;0.288
Brazil;1952;0.388;0.279
Brazil;1953;0.383;0.279
Brazil;1954;0.404;0.295
Brazil;1955;0.424;0.311
Brazil;1956;0.425;0.296
Brazil;1957;0.42;0.293
Brazil;1958;0.416;0.291
Brazil;1959;0.405;0.283
Brazil;1960;0.402;0.279
Brazil;1961;0.393;0.286
Brazil;1962;0.406;0.289
Brazil;1963;0.43;0.298
Brazil;1964;0.229;0.167
Brazil;1965;0.152;0.077
Brazil;1966;0.146;0.077
Brazil;1967;0.178;0.086
Brazil;1968;0.181;0.087
Brazil;1969;0.187;0.09
Brazil;1970;0.187;0.097
Brazil;1971;0.174;0.095
Brazil;1972;0.174;0.095
Brazil;1973;0.174;0.101
Brazil;1974;0.176;0.084
Brazil;1975;0.197;0.09
Brazil;1976;0.204;0.091
Brazil;1977;0.193;0.083
Brazil;1978;0.197;0.084
Brazil;1979;0.212;0.112
Brazil;1980;0.266;0.135
Brazil;1981;0.266;0.135
Brazil;1982;0.259;0.151
Brazil;1983;0.27;0.152
Brazil;1984;0.279;0.16
Brazil;1985;0.412;0.251
Brazil;1986;0.458;0.325
Brazil;1987;0.555;0.387
Brazil;1988;0.581;0.418
Brazil;1989;0.688;0.552
Brazil;1990;0.806;0.653
Brazil;1991;0.871;0.715
Brazil;1992;0.849;0.698
Brazil;1993;0.876;0.718
Brazil;1994;0.87;0.71
Brazil;1995;0.875;0.711
Brazil;1996;0.863;0.695
Brazil;1997;0.863;0.695
Brazil;1998;0.867;0.699
Brazil;1999;0.879;0.712
Brazil;2000;0.875;0.713
Brazil;2001;0.862;0.702
Brazil;2002;0.871;0.723
Brazil;2003;0.86;0.723
Brazil;2004;0.86;0.723
Brazil;2005;0.864;0.76
Brazil;2006;0.867;0.763
Brazil;2007;0.866;0.764
Brazil;2008;0.871;0.761
Brazil;2009;0.871;0.759
Brazil;2010;0.875;0.775
Brazil;2011;0.886;0.788
Brazil;2012;0.869;0.755
Brazil;2013;0.878;0.79
Brazil;2014;0.862;0.768
Brazil;2015;0.867;0.763
Brazil;2016;0.847;0.737
Brazil;2017;0.744;0.605
Brazil;2018;0.737;0.577
Brazil;2019;0.674;0.508
United States of America;1950;0.587;0.518
United States of America;1951;0.602;0.531
United States of America;1952;0.601;0.53
United States of America;1953;0.594;0.512
United States of America;1954;0.603;0.51
United States of America;1955;0.614;0.504
United States of America;1956;0.633;0.517
United States of America;1957;0.678;0.564
United States of America;1958;0.667;0.554
United States of America;1959;0.628;0.525
United States of America;1960;0.654;0.538
United States of America;1961;0.688;0.562
United States of America;1962;0.686;0.56
United States of America;1963;0.654;0.528
United States of America;1964;0.654;0.532
United States of America;1965;0.646;0.541
United States of America;1966;0.665;0.561
United States of America;1967;0.674;0.57
United States of America;1968;0.694;0.588
United States of America;1969;0.671;0.59
United States of America;1970;0.695;0.616
United States of America;1971;0.741;0.659
United States of America;1972;0.744;0.662
United States of America;1973;0.746;0.681
United States of America;1974;0.754;0.681
United States of America;1975;0.787;0.717
United States of America;1976;0.79;0.725
United States of America;1977;0.845;0.781
United States of America;1978;0.842;0.775
United States of America;1979;0.814;0.747
United States of America;1980;0.82;0.753
United States of America;1981;0.853;0.783
United States of America;1982;0.855;0.786
United States of America;1983;0.858;0.795
United States of America;1984;0.859;0.793
United States of America;1985;0.865;0.801
United States of America;1986;0.863;0.799
United States of America;1987;0.861;0.8
United States of America;1988;0.864;0.802
United States of America;1989;0.881;0.81
United States of America;1990;0.873;0.802
United States of America;1991;0.872;0.806
United States of America;1992;0.873;0.809
United States of America;1993;0.854;0.784
United States of America;1994;0.858;0.793
United States of America;1995;0.883;0.817
United States of America;1996;0.881;0.816
United States of America;1997;0.868;0.808
United States of America;1998;0.867;0.807
United States of America;1999;0.864;0.801
United States of America;2000;0.863;0.801
United States of America;2001;0.822;0.756
United States of America;2002;0.826;0.756
United States of America;2003;0.85;0.783
United States of America;2004;0.841;0.773
United States of America;2005;0.852;0.788
United States of America;2006;0.854;0.794
United States of America;2007;0.908;0.851
United States of America;2008;0.909;0.856
United States of America;2009;0.898;0.839
United States of America;2010;0.897;0.839
United States of America;2011;0.889;0.831
United States of America;2012;0.891;0.835
United States of America;2013;0.908;0.835
United States of America;2014;0.91;0.837
United States of America;2015;0.89;0.824
United States of America;2016;0.89;0.814
United States of America;2017;0.834;0.74
United States of America;2018;0.839;0.734
United States of America;2019;0.798;0.7
Bolivia;1950;0.164;0.072
Bolivia;1951;0.121;0.067
Bolivia;1952;0.131;0.07
Bolivia;1953;0.237;0.098
Bolivia;1954;0.237;0.103
Bolivia;1955;0.232;0.096
Bolivia;1956;0.255;0.107
Bolivia;1957;0.28;0.115
Bolivia;1958;0.275;0.115
Bolivia;1959;0.268;0.114
Bolivia;1960;0.273;0.121
Bolivia;1961;0.287;0.123
Bolivia;1962;0.27;0.12
Bolivia;1963;0.258;0.118
Bolivia;1964;0.243;0.061
Bolivia;1965;0.127;0.034
Bolivia;1966;0.163;0.04
Bolivia;1967;0.187;0.051
Bolivia;1968;0.187;0.051
Bolivia;1969;0.175;0.029
Bolivia;1970;0.118;0.029
Bolivia;1971;0.113;0.026
Bolivia;1972;0.097;0.022
Bolivia;1973;0.097;0.019
Bolivia;1974;0.096;0.019
Bolivia;1975;0.091;0.017
Bolivia;1976;0.091;0.017
Bolivia;1977;0.091;0.017
Bolivia;1978;0.099;0.018
Bolivia;1979;0.145;0.041
Bolivia;1980;0.132;0.035
Bolivia;1981;0.106;0.024
Bolivia;1982;0.125;0.083
Bolivia;1983;0.331;0.21
Bolivia;1984;0.34;0.225
Bolivia;1985;0.501;0.343
Bolivia;1986;0.655;0.423
Bolivia;1987;0.696;0.452
Bolivia;1988;0.662;0.435
Bolivia;1989;0.654;0.435
Bolivia;1990;0.685;0.464
Bolivia;1991;0.722;0.477
Bolivia;1992;0.72;0.476
Bolivia;1993;0.756;0.497
Bolivia;1994;0.792;0.528
Bolivia;1995;0.788;0.527
Bolivia;1996;0.788;0.527
Bolivia;1997;0.792;0.554
Bolivia;1998;0.775;0.536
Bolivia;1999;0.778;0.557
Bolivia;2000;0.758;0.533
Bolivia;2001;0.775;0.536
Bolivia;2002;0.765;0.529
Bolivia;2003;0.735;0.526
Bolivia;2004;0.76;0.525
Bolivia;2005;0.771;0.518
Bolivia;2006;0.768;0.482
Bolivia;2007;0.742;0.471
Bolivia;2008;0.74;0.448
Bolivia;2009;0.741;0.432
Bolivia;2010;0.705;0.421
Bolivia;2011;0.692;0.412
Bolivia;2012;0.697;0.419
Bolivia;2013;0.65;0.381
Bolivia;2014;0.656;0.383
Bolivia;2015;0.633;0.399
Bolivia;2016;0.649;0.405
Bolivia;2017;0.649;0.404
Bolivia;2018;0.587;0.341
Bolivia;2019;0.537;0.306
Haiti;1950;0.09;0.053
Haiti;1951;0.21;0.109
Haiti;1952;0.207;0.112
Haiti;1953;0.211;0.113
Haiti;1954;0.213;0.112
Haiti;1955;0.217;0.113
Haiti;1956;0.218;0.11
Haiti;1957;0.146;0.052
Haiti;1958;0.152;0.035
Haiti;1959;0.15;0.031
Haiti;1960;0.151;0.032
Haiti;1961;0.148;0.033
Haiti;1962;0.148;0.032
Haiti;1963;0.146;0.032
Haiti;1964;0.147;0.031
Haiti;1965;0.145;0.031
Haiti;1966;0.147;0.031
Haiti;1967;0.145;0.03
Haiti;1968;0.149;0.033
Haiti;1969;0.145;0.032
Haiti;1970;0.142;0.032
Haiti;1971;0.149;0.035
Haiti;1972;0.152;0.035
Haiti;1973;0.153;0.036
Haiti;1974;0.156;0.036
Haiti;1975;0.153;0.036
Haiti;1976;0.155;0.036
Haiti;1977;0.153;0.036
Haiti;1978;0.154;0.036
Haiti;1979;0.155;0.034
Haiti;1980;0.152;0.035
Haiti;1981;0.154;0.035
Haiti;1982;0.154;0.036
Haiti;1983;0.115;0.023
Haiti;1984;0.155;0.033
Haiti;1985;0.156;0.034
Haiti;1986;0.105;0.024
Haiti;1987;0.16;0.065
Haiti;1988;0.258;0.082
Haiti;1989;0.199;0.07
Haiti;1990;0.203;0.079
Haiti;1991;0.332;0.168
Haiti;1992;0.203;0.083
Haiti;1993;0.237;0.091
Haiti;1994;0.24;0.099
Haiti;1995;0.367;0.239
Haiti;1996;0.444;0.293
Haiti;1997;0.449;0.282
Haiti;1998;0.491;0.307
Haiti;1999;0.49;0.301
Haiti;2000;0.461;0.282
Haiti;2001;0.444;0.267
Haiti;2002;0.411;0.271
Haiti;2003;0.408;0.256
Haiti;2004;0.258;0.105
Haiti;2005;0.243;0.091
Haiti;2006;0.387;0.186
Haiti;2007;0.476;0.278
Haiti;2008;0.479;0.275
Haiti;2009;0.46;0.29
Haiti;2010;0.464;0.262
Haiti;2011;0.472;0.249
Haiti;2012;0.45;0.249
Haiti;2013;0.451;0.25
Haiti;2014;0.451;0.259
Haiti;2015;0.425;0.24
Haiti;2016;0.402;0.243
Haiti;2017;0.414;0.243
Haiti;2018;0.451;0.248
Haiti;2019;0.449;0.239
Honduras;1950;0.254;0.118
Honduras;1951;0.269;0.119
Honduras;1952;0.26;0.118
Honduras;1953;0.26;0.116
Honduras;1954;0.26;0.093
Honduras;1955;0.148;0.09
Honduras;1956;0.157;0.092
Honduras;1957;0.192;0.098
Honduras;1958;0.183;0.097
Honduras;1959;0.183;0.095
Honduras;1960;0.192;0.1
Honduras;1961;0.192;0.098
Honduras;1962;0.192;0.099
Honduras;1963;0.188;0.089
Honduras;1964;0.14;0.061
Honduras;1965;0.159;0.058
Honduras;1966;0.151;0.056
Honduras;1967;0.151;0.056
Honduras;1968;0.151;0.058
Honduras;1969;0.151;0.058
Honduras;1970;0.151;0.052
Honduras;1971;0.267;0.082
Honduras;1972;0.249;0.059
Honduras;1973;0.134;0.061
Honduras;1974;0.134;0.061
Honduras;1975;0.134;0.061
Honduras;1976;0.134;0.065
Honduras;1977;0.134;0.066
Honduras;1978;0.141;0.064
Honduras;1979;0.149;0.061
Honduras;1980;0.176;0.07
Honduras;1981;0.17;0.078
Honduras;1982;0.398;0.176
Honduras;1983;0.403;0.173
Honduras;1984;0.403;0.176
Honduras;1985;0.405;0.183
Honduras;1986;0.418;0.182
Honduras;1987;0.448;0.196
Honduras;1988;0.448;0.21
Honduras;1989;0.452;0.205
Honduras;1990;0.529;0.243
Honduras;1991;0.539;0.244
Honduras;1992;0.562;0.277
Honduras;1993;0.56;0.269
Honduras;1994;0.555;0.281
Honduras;1995;0.565;0.287
Honduras;1996;0.586;0.297
Honduras;1997;0.582;0.296
Honduras;1998;0.567;0.302
Honduras;1999;0.576;0.31
Honduras;2000;0.576;0.299
Honduras;2001;0.573;0.297
Honduras;2002;0.538;0.282
Honduras;2003;0.555;0.289
Honduras;2004;0.555;0.289
Honduras;2005;0.549;0.283
Honduras;2006;0.481;0.275
Honduras;2007;0.502;0.281
Honduras;2008;0.493;0.268
Honduras;2009;0.49;0.256
Honduras;2010;0.433;0.214
Honduras;2011;0.408;0.208
Honduras;2012;0.446;0.225
Honduras;2013;0.435;0.233
Honduras;2014;0.466;0.264
Honduras;2015;0.464;0.247
Honduras;2016;0.451;0.24
Honduras;2017;0.433;0.234
Honduras;2018;0.366;0.215
Honduras;2019;0.36;0.195
Peru;1950;0.124;0.038
Peru;1951;0.164;0.056
Peru;1952;0.164;0.056
Peru;1953;0.164;0.059
Peru;1954;0.164;0.059
Peru;1955;0.164;0.059
Peru;1956;0.218;0.102
Peru;1957;0.369;0.263
Peru;1958;0.369;0.268
Peru;1959;0.369;0.269
Peru;1960;0.367;0.265
Peru;1961;0.375;0.275
Peru;1962;0.309;0.152
Peru;1963;0.303;0.239
Peru;1964;0.434;0.347
Peru;1965;0.434;0.352
Peru;1966;0.434;0.352
Peru;1967;0.43;0.348
Peru;1968;0.256;0.109
Peru;1969;0.088;0.036
Peru;1970;0.106;0.039
Peru;1971;0.106;0.039
Peru;1972;0.106;0.039
Peru;1973;0.095;0.038
Peru;1974;0.1;0.038
Peru;1975;0.1;0.039
Peru;1976;0.113;0.041
Peru;1977;0.111;0.042
Peru;1978;0.154;0.047
Peru;1979;0.165;0.048
Peru;1980;0.437;0.095
Peru;1981;0.678;0.473
Peru;1982;0.691;0.486
Peru;1983;0.691;0.486
Peru;1984;0.691;0.486
Peru;1985;0.672;0.449
Peru;1986;0.679;0.448
Peru;1987;0.679;0.447
Peru;1988;0.679;0.447
Peru;1989;0.679;0.447
Peru;1990;0.633;0.396
Peru;1991;0.603;0.401
Peru;1992;0.27;0.146
Peru;1993;0.268;0.102
Peru;1994;0.28;0.108
Peru;1995;0.387;0.137
Peru;1996;0.409;0.143
Peru;1997;0.409;0.144
Peru;1998;0.389;0.14
Peru;1999;0.389;0.14
Peru;2000;0.353;0.164
Peru;2001;0.678;0.362
Peru;2002;0.795;0.656
Peru;2003;0.795;0.656
Peru;2004;0.806;0.667
Peru;2005;0.806;0.677
Peru;2006;0.776;0.624
Peru;2007;0.809;0.602
Peru;2008;0.8;0.585
Peru;2009;0.785;0.604
Peru;2010;0.794;0.642
Peru;2011;0.771;0.631
Peru;2012;0.775;0.608
Peru;2013;0.8;0.659
Peru;2014;0.779;0.64
Peru;2015;0.767;0.623
Peru;2016;0.768;0.629
Peru;2017;0.753;0.644
Peru;2018;0.779;0.667
Peru;2019;0.784;0.674
Argentina;1950;0.383;0.24
Argentina;1951;0.377;0.24
Argentina;1952;0.379;0.218
Argentina;1953;0.357;0.194
Argentina;1954;0.366;0.198
Argentina;1955;0.293;0.106
Argentina;1956;0.138;0.083
Argentina;1957;0.191;0.1
Argentina;1958;0.347;0.199
Argentina;1959;0.48;0.299
Argentina;1960;0.451;0.296
Argentina;1961;0.475;0.312
Argentina;1962;0.269;0.16
Argentina;1963;0.295;0.204
Argentina;1964;0.524;0.406
Argentina;1965;0.528;0.406
Argentina;1966;0.299;0.122
Argentina;1967;0.113;0.082
Argentina;1968;0.105;0.081
Argentina;1969;0.11;0.086
Argentina;1970;0.108;0.087
Argentina;1971;0.116;0.09
Argentina;1972;0.13;0.093
Argentina;1973;0.242;0.158
Argentina;1974;0.582;0.335
Argentina;1975;0.534;0.32
Argentina;1976;0.14;0.07
Argentina;1977;0.074;0.048
Argentina;1978;0.074;0.05
Argentina;1979;0.074;0.05
Argentina;1980;0.074;0.053
Argentina;1981;0.074;0.053
Argentina;1982;0.076;0.053
Argentina;1983;0.129;0.134
Argentina;1984;0.83;0.594
Argentina;1985;0.84;0.639
Argentina;1986;0.795;0.6
Argentina;1987;0.81;0.617
Argentina;1988;0.811;0.618
Argentina;1989;0.821;0.633
Argentina;1990;0.82;0.593
Argentina;1991;0.809;0.594
Argentina;1992;0.81;0.593
Argentina;1993;0.821;0.602
Argentina;1994;0.843;0.623
Argentina;1995;0.833;0.637
Argentina;1996;0.838;0.634
Argentina;1997;0.834;0.631
Argentina;1998;0.816;0.613
Argentina;1999;0.813;0.584
Argentina;2000;0.837;0.648
Argentina;2001;0.843;0.675
Argentina;2002;0.826;0.64
Argentina;2003;0.819;0.65
Argentina;2004;0.81;0.639
Argentina;2005;0.807;0.632
Argentina;2006;0.793;0.632
Argentina;2007;0.793;0.612
Argentina;2008;0.783;0.591
Argentina;2009;0.804;0.602
Argentina;2010;0.768;0.575
Argentina;2011;0.777;0.585
Argentina;2012;0.816;0.607
Argentina;2013;0.79;0.606
Argentina;2014;0.764;0.577
Argentina;2015;0.756;0.576
Argentina;2016;0.747;0.611
Argentina;2017;0.745;0.596
Argentina;2018;0.834;0.65
Argentina;2019;0.812;0.631
Venezuela;1950;0.106;0.056
Venezuela;1951;0.106;0.052
Venezuela;1952;0.1;0.054
Venezuela;1953;0.096;0.054
Venezuela;1954;0.096;0.054
Venezuela;1955;0.096;0.054
Venezuela;1956;0.096;0.054
Venezuela;1957;0.098;0.053
Venezuela;1958;0.225;0.161
Venezuela;1959;0.609;0.46
Venezuela;1960;0.645;0.501
Venezuela;1961;0.669;0.52
Venezuela;1962;0.653;0.525
Venezuela;1963;0.655;0.525
Venezuela;1964;0.688;0.55
Venezuela;1965;0.675;0.533
Venezuela;1966;0.679;0.539
Venezuela;1967;0.681;0.548
Venezuela;1968;0.683;0.56
Venezuela;1969;0.7;0.56
Venezuela;1970;0.722;0.54
Venezuela;1971;0.767;0.586
Venezuela;1972;0.771;0.581
Venezuela;1973;0.768;0.605
Venezuela;1974;0.785;0.634
Venezuela;1975;0.785;0.637
Venezuela;1976;0.785;0.639
Venezuela;1977;0.785;0.639
Venezuela;1978;0.782;0.637
Venezuela;1979;0.734;0.584
Venezuela;1980;0.75;0.609
Venezuela;1981;0.75;0.611
Venezuela;1982;0.75;0.62
Venezuela;1983;0.749;0.619
Venezuela;1984;0.747;0.601
Venezuela;1985;0.738;0.598
Venezuela;1986;0.735;0.588
Venezuela;1987;0.735;0.588
Venezuela;1988;0.731;0.563
Venezuela;1989;0.746;0.567
Venezuela;1990;0.754;0.606
Venezuela;1991;0.784;0.639
Venezuela;1992;0.68;0.554
Venezuela;1993;0.682;0.553
Venezuela;1994;0.751;0.617
Venezuela;1995;0.751;0.616
Venezuela;1996;0.751;0.616
Venezuela;1997;0.768;0.623
Venezuela;1998;0.775;0.609
Venezuela;1999;0.725;0.49
Venezuela;2000;0.62;0.355
Venezuela;2001;0.529;0.298
Venezuela;2002;0.555;0.296
Venezuela;2003;0.491;0.263
Venezuela;2004;0.469;0.221
Venezuela;2005;0.468;0.188
Venezuela;2006;0.486;0.183
Venezuela;2007;0.441;0.174
Venezuela;2008;0.433;0.168
Venezuela;2009;0.396;0.162
Venezuela;2010;0.415;0.161
Venezuela;2011;0.429;0.162
Venezuela;2012;0.414;0.154
Venezuela;2013;0.367;0.134
Venezuela;2014;0.348;0.111
Venezuela;2015;0.334;0.114
Venezuela;2016;0.346;0.143
Venezuela;2017;0.269;0.109
Venezuela;2018;0.232;0.066
Venezuela;2019;0.229;0.086
Nicaragua;1950;0.14;0.032
Nicaragua;1951;0.145;0.033
Nicaragua;1952;0.145;0.033
Nicaragua;1953;0.145;0.033
Nicaragua;1954;0.145;0.033
Nicaragua;1955;0.152;0.036
Nicaragua;1956;0.184;0.042
Nicaragua;1957;0.168;0.039
Nicaragua;1958;0.172;0.04
Nicaragua;1959;0.168;0.04
Nicaragua;1960;0.168;0.039
Nicaragua;1961;0.169;0.04
Nicaragua;1962;0.178;0.041
Nicaragua;1963;0.179;0.041
Nicaragua;1964;0.179;0.041
Nicaragua;1965;0.179;0.041
Nicaragua;1966;0.173;0.04
Nicaragua;1967;0.173;0.04
Nicaragua;1968;0.174;0.04
Nicaragua;1969;0.174;0.037
Nicaragua;1970;0.17;0.04
Nicaragua;1971;0.17;0.035
Nicaragua;1972;0.154;0.027
Nicaragua;1973;0.167;0.036
Nicaragua;1974;0.169;0.036
Nicaragua;1975;0.171;0.036
Nicaragua;1976;0.177;0.038
Nicaragua;1977;0.175;0.036
Nicaragua;1978;0.174;0.037
Nicaragua;1979;0.148;0.031
Nicaragua;1980;0.174;0.083
Nicaragua;1981;0.18;0.085
Nicaragua;1982;0.17;0.075
Nicaragua;1983;0.174;0.076
Nicaragua;1984;0.193;0.099
Nicaragua;1985;0.361;0.171
Nicaragua;1986;0.363;0.172
Nicaragua;1987;0.385;0.167
Nicaragua;1988;0.399;0.18
Nicaragua;1989;0.402;0.178
Nicaragua;1990;0.551;0.354
Nicaragua;1991;0.695;0.453
Nicaragua;1992;0.681;0.458
Nicaragua;1993;0.677;0.464
Nicaragua;1994;0.685;0.468
Nicaragua;1995;0.681;0.454
Nicaragua;1996;0.672;0.467
Nicaragua;1997;0.629;0.419
Nicaragua;1998;0.629;0.419
Nicaragua;1999;0.578;0.38
Nicaragua;2000;0.587;0.389
Nicaragua;2001;0.598;0.393
Nicaragua;2002;0.666;0.43
Nicaragua;2003;0.65;0.425
Nicaragua;2004;0.65;0.419
Nicaragua;2005;0.65;0.419
Nicaragua;2006;0.644;0.385
Nicaragua;2007;0.49;0.242
Nicaragua;2008;0.478;0.24
Nicaragua;2009;0.49;0.219
Nicaragua;2010;0.479;0.211
Nicaragua;2011;0.465;0.208
Nicaragua;2012;0.394;0.168
Nicaragua;2013;0.345;0.145
Nicaragua;2014;0.341;0.14
Nicaragua;2015;0.358;0.135
Nicaragua;2016;0.354;0.134
Nicaragua;2017;0.278;0.102
Nicaragua;2018;0.244;0.057
Nicaragua;2019;0.245;0.058
Canada;1950;0.75;0.672
Canada;1951;0.75;0.672
Canada;1952;0.75;0.672
Canada;1953;0.77;0.682
Canada;1954;0.792;0.702
Canada;1955;0.792;0.702
Canada;1956;0.8;0.711
Canada;1957;0.782;0.692
Canada;1958;0.787;0.699
Canada;1959;0.794;0.702
Canada;1960;0.807;0.709
Canada;1961;0.846;0.743
Canada;1962;0.834;0.731
Canada;1963;0.819;0.742
Canada;1964;0.815;0.737
Canada;1965;0.816;0.726
Canada;1966;0.818;0.729
Canada;1967;0.837;0.745
Canada;1968;0.84;0.758
Canada;1969;0.843;0.762
Canada;1970;0.83;0.74
Canada;1971;0.824;0.739
Canada;1972;0.826;0.742
Canada;1973;0.839;0.76
Canada;1974;0.838;0.76
Canada;1975;0.851;0.773
Canada;1976;0.858;0.782
Canada;1977;0.858;0.782
Canada;1978;0.858;0.782
Canada;1979;0.864;0.783
Canada;1980;0.842;0.758
Canada;1981;0.851;0.764
Canada;1982;0.823;0.739
Canada;1983;0.813;0.731
Canada;1984;0.816;0.734
Canada;1985;0.83;0.75
Canada;1986;0.83;0.75
Canada;1987;0.83;0.75
Canada;1988;0.832;0.751
Canada;1989;0.842;0.758
Canada;1990;0.842;0.761
Canada;1991;0.842;0.761
Canada;1992;0.853;0.764
Canada;1993;0.842;0.76
Canada;1994;0.842;0.765
Canada;1995;0.842;0.765
Canada;1996;0.852;0.773
Canada;1997;0.851;0.764
Canada;1998;0.847;0.759
Canada;1999;0.847;0.759
Canada;2000;0.85;0.763
Canada;2001;0.852;0.776
Canada;2002;0.865;0.779
Canada;2003;0.881;0.802
Canada;2004;0.866;0.784
Canada;2005;0.851;0.771
Canada;2006;0.849;0.768
Canada;2007;0.845;0.773
Canada;2008;0.849;0.774
Canada;2009;0.857;0.791
Canada;2010;0.851;0.769
Canada;2011;0.827;0.741
Canada;2012;0.825;0.742
Canada;2013;0.845;0.774
Canada;2014;0.835;0.765
Canada;2015;0.839;0.761
Canada;2016;0.888;0.805
Canada;2017;0.858;0.786
Canada;2018;0.866;0.779
Canada;2019;0.866;0.776
Chile;1950;0.401;0.288
Chile;1951;0.401;0.295
Chile;1952;0.406;0.294
Chile;1953;0.403;0.299
Chile;1954;0.398;0.296
Chile;1955;0.398;0.296
Chile;1956;0.398;0.296
Chile;1957;0.402;0.301
Chile;1958;0.418;0.304
Chile;1959;0.539;0.395
Chile;1960;0.54;0.396
Chile;1961;0.554;0.401
Chile;1962;0.555;0.4
Chile;1963;0.568;0.412
Chile;1964;0.571;0.413
Chile;1965;0.588;0.438
Chile;1966;0.588;0.44
Chile;1967;0.577;0.439
Chile;1968;0.594;0.463
Chile;1969;0.582;0.453
Chile;1970;0.593;0.455
Chile;1971;0.717;0.55
Chile;1972;0.718;0.548
Chile;1973;0.339;0.075
Chile;1974;0.073;0.038
Chile;1975;0.073;0.038
Chile;1976;0.073;0.038
Chile;1977;0.074;0.038
Chile;1978;0.072;0.038
Chile;1979;0.074;0.038
Chile;1980;0.075;0.039
Chile;1981;0.075;0.045
Chile;1982;0.075;0.048
Chile;1983;0.075;0.049
Chile;1984;0.076;0.054
Chile;1985;0.082;0.047
Chile;1986;0.078;0.043
Chile;1987;0.086;0.047
Chile;1988;0.109;0.059
Chile;1989;0.12;0.067
Chile;1990;0.714;0.599
Chile;1991;0.814;0.724
Chile;1992;0.814;0.724
Chile;1993;0.821;0.736
Chile;1994;0.853;0.777
Chile;1995;0.853;0.777
Chile;1996;0.853;0.779
Chile;1997;0.853;0.778
Chile;1998;0.859;0.771
Chile;1999;0.852;0.778
Chile;2000;0.875;0.804
Chile;2001;0.876;0.804
Chile;2002;0.88;0.807
Chile;2003;0.88;0.807
Chile;2004;0.88;0.806
Chile;2005;0.881;0.821
Chile;2006;0.898;0.847
Chile;2007;0.902;0.848
Chile;2008;0.902;0.829
Chile;2009;0.895;0.825
Chile;2010;0.894;0.836
Chile;2011;0.88;0.829
Chile;2012;0.893;0.839
Chile;2013;0.905;0.857
Chile;2014;0.902;0.848
Chile;2015;0.89;0.839
Chile;2016;0.865;0.815
Chile;2017;0.879;0.82
Chile;2018;0.852;0.775
Chile;2019;0.773;0.762
Costa Rica;1950;0.58;0.502
Costa Rica;1951;0.562;0.486
Costa Rica;1952;0.57;0.492
Costa Rica;1953;0.629;0.509
Costa Rica;1954;0.699;0.583
Costa Rica;1955;0.699;0.583
Costa Rica;1956;0.699;0.583
Costa Rica;1957;0.699;0.583
Costa Rica;1958;0.707;0.596
Costa Rica;1959;0.723;0.619
Costa Rica;1960;0.706;0.606
Costa Rica;1961;0.706;0.606
Costa Rica;1962;0.723;0.63
Costa Rica;1963;0.725;0.632
Costa Rica;1964;0.725;0.632
Costa Rica;1965;0.725;0.632
Costa Rica;1966;0.734;0.635
Costa Rica;1967;0.735;0.631
Costa Rica;1968;0.735;0.631
Costa Rica;1969;0.735;0.631
Costa Rica;1970;0.743;0.636
Costa Rica;1971;0.766;0.654
Costa Rica;1972;0.766;0.654
Costa Rica;1973;0.766;0.659
Costa Rica;1974;0.763;0.66
Costa Rica;1975;0.797;0.69
Costa Rica;1976;0.806;0.698
Costa Rica;1977;0.805;0.696
Costa Rica;1978;0.82;0.711
Costa Rica;1979;0.83;0.742
Costa Rica;1980;0.861;0.776
Costa Rica;1981;0.861;0.772
Costa Rica;1982;0.875;0.781
Costa Rica;1983;0.869;0.778
Costa Rica;1984;0.869;0.778
Costa Rica;1985;0.869;0.778
Costa Rica;1986;0.859;0.774
Costa Rica;1987;0.858;0.776
Costa Rica;1988;0.861;0.774
Costa Rica;1989;0.861;0.779
Costa Rica;1990;0.883;0.811
Costa Rica;1991;0.88;0.815
Costa Rica;1992;0.88;0.815
Costa Rica;1993;0.88;0.814
Costa Rica;1994;0.871;0.813
Costa Rica;1995;0.87;0.812
Costa Rica;1996;0.867;0.808
Costa Rica;1997;0.867;0.801
Costa Rica;1998;0.89;0.829
Costa Rica;1999;0.904;0.844
Costa Rica;2000;0.898;0.832
Costa Rica;2001;0.898;0.838
Costa Rica;2002;0.887;0.828
Costa Rica;2003;0.886;0.827
Costa Rica;2004;0.878;0.826
Costa Rica;2005;0.893;0.833
Costa Rica;2006;0.903;0.85
Costa Rica;2007;0.907;0.851
Costa Rica;2008;0.906;0.85
Costa Rica;2009;0.906;0.845
Costa Rica;2010;0.913;0.857
Costa Rica;2011;0.91;0.85
Costa Rica;2012;0.907;0.857
Costa Rica;2013;0.907;0.837
Costa Rica;2014;0.904;0.845
Costa Rica;2015;0.893;0.843
Costa Rica;2016;0.904;0.857
Costa Rica;2017;0.86;0.809
Costa Rica;2018;0.879;0.812
Costa Rica;2019;0.889;0.816
Ecuador;1950;0.347;0.19
Ecuador;1951;0.342;0.188
Ecuador;1952;0.349;0.192
Ecuador;1953;0.365;0.202
Ecuador;1954;0.358;0.197
Ecuador;1955;0.36;0.195
Ecuador;1956;0.358;0.196
Ecuador;1957;0.356;0.196
Ecuador;1958;0.363;0.205
Ecuador;1959;0.368;0.206
Ecuador;1960;0.362;0.193
Ecuador;1961;0.355;0.188
Ecuador;1962;0.386;0.201
Ecuador;1963;0.21;0.058
Ecuador;1964;0.138;0.066
Ecuador;1965;0.141;0.059
Ecuador;1966;0.144;0.073
Ecuador;1967;0.168;0.128
Ecuador;1968;0.269;0.158
Ecuador;1969;0.365;0.199
Ecuador;1970;0.289;0.09
Ecuador;1971;0.205;0.085
Ecuador;1972;0.168;0.074
Ecuador;1973;0.149;0.067
Ecuador;1974;0.149;0.064
Ecuador;1975;0.149;0.064
Ecuador;1976;0.149;0.067
Ecuador;1977;0.155;0.069
Ecuador;1978;0.207;0.09
Ecuador;1979;0.346;0.12
Ecuador;1980;0.732;0.482
Ecuador;1981;0.732;0.481
Ecuador;1982;0.732;0.504
Ecuador;1983;0.726;0.495
Ecuador;1984;0.745;0.515
Ecuador;1985;0.709;0.466
Ecuador;1986;0.705;0.461
Ecuador;1987;0.703;0.457
Ecuador;1988;0.708;0.473
Ecuador;1989;0.741;0.514
Ecuador;1990;0.728;0.505
Ecuador;1991;0.727;0.507
Ecuador;1992;0.722;0.493
Ecuador;1993;0.708;0.463
Ecuador;1994;0.712;0.469
Ecuador;1995;0.71;0.466
Ecuador;1996;0.686;0.459
Ecuador;1997;0.673;0.448
Ecuador;1998;0.735;0.516
Ecuador;1999;0.747;0.509
Ecuador;2000;0.734;0.501
Ecuador;2001;0.734;0.501
Ecuador;2002;0.731;0.501
Ecuador;2003;0.734;0.526
Ecuador;2004;0.734;0.496
Ecuador;2005;0.734;0.502
Ecuador;2006;0.73;0.494
Ecuador;2007;0.756;0.497
Ecuador;2008;0.721;0.412
Ecuador;2009;0.648;0.333
Ecuador;2010;0.586;0.311
Ecuador;2011;0.587;0.304
Ecuador;2012;0.582;0.305
Ecuador;2013;0.584;0.312
Ecuador;2014;0.59;0.309
Ecuador;2015;0.563;0.292
Ecuador;2016;0.582;0.3
Ecuador;2017;0.545;0.343
Ecuador;2018;0.637;0.459
Ecuador;2019;0.673;0.502
Guatemala;1950;0.409;0.227
Guatemala;1951;0.403;0.232
Guatemala;1952;0.397;0.227
Guatemala;1953;0.373;0.188
Guatemala;1954;0.282;0.109
Guatemala;1955;0.116;0.057
Guatemala;1956;0.091;0.067
Guatemala;1957;0.101;0.069
Guatemala;1958;0.152;0.076
Guatemala;1959;0.156;0.078
Guatemala;1960;0.16;0.077
Guatemala;1961;0.163;0.078
Guatemala;1962;0.159;0.076
Guatemala;1963;0.101;0.061
Guatemala;1964;0.091;0.043
Guatemala;1965;0.086;0.044
Guatemala;1966;0.127;0.064
Guatemala;1967;0.18;0.082
Guatemala;1968;0.177;0.079
Guatemala;1969;0.177;0.078
Guatemala;1970;0.182;0.076
Guatemala;1971;0.17;0.083
Guatemala;1972;0.17;0.083
Guatemala;1973;0.172;0.08
Guatemala;1974;0.177;0.081
Guatemala;1975;0.178;0.072
Guatemala;1976;0.179;0.069
Guatemala;1977;0.171;0.067
Guatemala;1978;0.163;0.065
Guatemala;1979;0.164;0.063
Guatemala;1980;0.173;0.062
Guatemala;1981;0.166;0.06
Guatemala;1982;0.113;0.044
Guatemala;1983;0.097;0.043
Guatemala;1984;0.113;0.046
Guatemala;1985;0.141;0.065
Guatemala;1986;0.336;0.17
Guatemala;1987;0.367;0.196
Guatemala;1988;0.367;0.196
Guatemala;1989;0.367;0.196
Guatemala;1990;0.372;0.191
Guatemala;1991;0.389;0.194
Guatemala;1992;0.389;0.194
Guatemala;1993;0.406;0.218
Guatemala;1994;0.404;0.235
Guatemala;1995;0.424;0.249
Guatemala;1996;0.442;0.252
Guatemala;1997;0.485;0.279
Guatemala;1998;0.485;0.289
Guatemala;1999;0.492;0.268
Guatemala;2000;0.569;0.368
Guatemala;2001;0.569;0.377
Guatemala;2002;0.569;0.376
Guatemala;2003;0.577;0.383
Guatemala;2004;0.628;0.418
Guatemala;2005;0.538;0.362
Guatemala;2006;0.538;0.372
Guatemala;2007;0.573;0.38
Guatemala;2008;0.611;0.394
Guatemala;2009;0.572;0.391
Guatemala;2010;0.561;0.384
Guatemala;2011;0.574;0.385
Guatemala;2012;0.618;0.374
Guatemala;2013;0.591;0.415
Guatemala;2014;0.567;0.419
Guatemala;2015;0.614;0.448
Guatemala;2016;0.662;0.493
Guatemala;2017;0.65;0.476
Guatemala;2018;0.615;0.435
Guatemala;2019;0.594;0.396
Panama;1950;0.346;0.176
Panama;1951;0.267;0.167
Panama;1952;0.269;0.186
Panama;1953;0.382;0.228
Panama;1954;0.382;0.228
Panama;1955;0.382;0.228
Panama;1956;0.4;0.238
Panama;1957;0.402;0.24
Panama;1958;0.402;0.236
Panama;1959;0.402;0.236
Panama;1960;0.396;0.231
Panama;1961;0.39;0.23
Panama;1962;0.39;0.23
Panama;1963;0.39;0.23
Panama;1964;0.369;0.221
Panama;1965;0.329;0.206
Panama;1966;0.328;0.203
Panama;1967;0.313;0.203
Panama;1968;0.136;0.092
Panama;1969;0.092;0.06
Panama;1970;0.096;0.06
Panama;1971;0.096;0.06
Panama;1972;0.103;0.067
Panama;1973;0.115;0.07
Panama;1974;0.115;0.07
Panama;1975;0.115;0.07
Panama;1976;0.11;0.069
Panama;1977;0.11;0.069
Panama;1978;0.112;0.07
Panama;1979;0.132;0.072
Panama;1980;0.122;0.065
Panama;1981;0.133;0.069
Panama;1982;0.139;0.067
Panama;1983;0.139;0.067
Panama;1984;0.134;0.068
Panama;1985;0.142;0.069
Panama;1986;0.143;0.07
Panama;1987;0.143;0.07
Panama;1988;0.143;0.07
Panama;1989;0.15;0.072
Panama;1990;0.304;0.273
Panama;1991;0.711;0.549
Panama;1992;0.73;0.563
Panama;1993;0.733;0.569
Panama;1994;0.717;0.547
Panama;1995;0.718;0.543
Panama;1996;0.718;0.543
Panama;1997;0.718;0.543
Panama;1998;0.699;0.54
Panama;1999;0.724;0.559
Panama;2000;0.791;0.617
Panama;2001;0.778;0.596
Panama;2002;0.773;0.593
Panama;2003;0.773;0.593
Panama;2004;0.773;0.592
Panama;2005;0.79;0.588
Panama;2006;0.79;0.597
Panama;2007;0.79;0.597
Panama;2008;0.79;0.597
Panama;2009;0.78;0.591
Panama;2010;0.77;0.58
Panama;2011;0.77;0.58
Panama;2012;0.77;0.58
Panama;2013;0.781;0.573
Panama;2014;0.767;0.569
Panama;2015;0.791;0.591
Panama;2016;0.792;0.59
Panama;2017;0.758;0.565
Panama;2018;0.758;0.589
Panama;2019;0.783;0.592
Uruguay;1950;0.801;0.645
Uruguay;1951;0.797;0.666
Uruguay;1952;0.797;0.666
Uruguay;1953;0.797;0.678
Uruguay;1954;0.797;0.677
Uruguay;1955;0.797;0.674
Uruguay;1956;0.807;0.692
Uruguay;1957;0.807;0.689
Uruguay;1958;0.805;0.687
Uruguay;1959;0.78;0.661
Uruguay;1960;0.78;0.662
Uruguay;1961;0.78;0.662
Uruguay;1962;0.779;0.663
Uruguay;1963;0.76;0.642
Uruguay;1964;0.763;0.635
Uruguay;1965;0.758;0.638
Uruguay;1966;0.758;0.633
Uruguay;1967;0.787;0.665
Uruguay;1968;0.647;0.511
Uruguay;1969;0.648;0.486
Uruguay;1970;0.605;0.437
Uruguay;1971;0.568;0.385
Uruguay;1972;0.535;0.364
Uruguay;1973;0.162;0.069
Uruguay;1974;0.109;0.043
Uruguay;1975;0.109;0.05
Uruguay;1976;0.098;0.046
Uruguay;1977;0.098;0.045
Uruguay;1978;0.097;0.045
Uruguay;1979;0.096;0.045
Uruguay;1980;0.1;0.053
Uruguay;1981;0.115;0.047
Uruguay;1982;0.112;0.048
Uruguay;1983;0.112;0.057
Uruguay;1984;0.132;0.068
Uruguay;1985;0.511;0.412
Uruguay;1986;0.825;0.722
Uruguay;1987;0.825;0.722
Uruguay;1988;0.825;0.731
Uruguay;1989;0.825;0.731
Uruguay;1990;0.827;0.75
Uruguay;1991;0.828;0.753
Uruguay;1992;0.828;0.753
Uruguay;1993;0.828;0.753
Uruguay;1994;0.83;0.752
Uruguay;1995;0.881;0.805
Uruguay;1996;0.881;0.801
Uruguay;1997;0.881;0.786
Uruguay;1998;0.882;0.8
Uruguay;1999;0.886;0.804
Uruguay;2000;0.888;0.791
Uruguay;2001;0.888;0.804
Uruguay;2002;0.888;0.804
Uruguay;2003;0.888;0.803
Uruguay;2004;0.886;0.806
Uruguay;2005;0.892;0.832
Uruguay;2006;0.892;0.827
Uruguay;2007;0.892;0.827
Uruguay;2008;0.892;0.815
Uruguay;2009;0.898;0.821
Uruguay;2010;0.912;0.843
Uruguay;2011;0.912;0.843
Uruguay;2012;0.912;0.843
Uruguay;2013;0.874;0.783
Uruguay;2014;0.878;0.789
Uruguay;2015;0.865;0.788
Uruguay;2016;0.866;0.785
Uruguay;2017;0.851;0.776
Uruguay;2018;0.853;0.774
Uruguay;2019;0.858;0.78
Dominican Republic;1950;0.149;0.04
Dominican Republic;1951;0.153;0.04
Dominican Republic;1952;0.154;0.041
Dominican Republic;1953;0.155;0.042
Dominican Republic;1954;0.155;0.038
Dominican Republic;1955;0.155;0.038
Dominican Republic;1956;0.156;0.037
Dominican Republic;1957;0.156;0.037
Dominican Republic;1958;0.157;0.037
Dominican Republic;1959;0.16;0.038
Dominican Republic;1960;0.161;0.041
Dominican Republic;1961;0.181;0.053
Dominican Republic;1962;0.155;0.069
Dominican Republic;1963;0.324;0.138
Dominican Republic;1964;0.158;0.065
Dominican Republic;1965;0.158;0.087
Dominican Republic;1966;0.198;0.084
Dominican Republic;1967;0.281;0.084
Dominican Republic;1968;0.281;0.09
Dominican Republic;1969;0.281;0.09
Dominican Republic;1970;0.296;0.093
Dominican Republic;1971;0.275;0.084
Dominican Republic;1972;0.275;0.084
Dominican Republic;1973;0.275;0.084
Dominican Republic;1974;0.277;0.085
Dominican Republic;1975;0.282;0.087
Dominican Republic;1976;0.282;0.087
Dominican Republic;1977;0.282;0.084
Dominican Republic;1978;0.333;0.113
Dominican Republic;1979;0.431;0.227
Dominican Republic;1980;0.487;0.294
Dominican Republic;1981;0.487;0.294
Dominican Republic;1982;0.509;0.313
Dominican Republic;1983;0.522;0.315
Dominican Republic;1984;0.541;0.31
Dominican Republic;1985;0.515;0.301
Dominican Republic;1986;0.531;0.294
Dominican Republic;1987;0.508;0.264
Dominican Republic;1988;0.519;0.268
Dominican Republic;1989;0.519;0.264
Dominican Republic;1990;0.48;0.252
Dominican Republic;1991;0.433;0.236
Dominican Republic;1992;0.433;0.236
Dominican Republic;1993;0.433;0.244
Dominican Republic;1994;0.439;0.225
Dominican Republic;1995;0.459;0.237
Dominican Republic;1996;0.541;0.286
Dominican Republic;1997;0.611;0.337
Dominican Republic;1998;0.631;0.339
Dominican Republic;1999;0.646;0.353
Dominican Republic;2000;0.646;0.343
Dominican Republic;2001;0.667;0.364
Dominican Republic;2002;0.646;0.344
Dominican Republic;2003;0.634;0.322
Dominican Republic;2004;0.635;0.345
Dominican Republic;2005;0.636;0.357
Dominican Republic;2006;0.649;0.367
Dominican Republic;2007;0.659;0.381
Dominican Republic;2008;0.644;0.372
Dominican Republic;2009;0.635;0.363
Dominican Republic;2010;0.622;0.36
Dominican Republic;2011;0.605;0.339
Dominican Republic;2012;0.618;0.349
Dominican Republic;2013;0.648;0.353
Dominican Republic;2014;0.641;0.361
Dominican Republic;2015;0.555;0.268
Dominican Republic;2016;0.54;0.279
Dominican Republic;2017;0.556;0.274
Dominican Republic;2018;0.536;0.277
Dominican Republic;2019;0.598;0.322
Jamaica;1950;0.312;0.238
Jamaica;1951;0.312;0.238
Jamaica;1952;0.311;0.237
Jamaica;1953;0.508;0.345
Jamaica;1954;0.508;0.347
Jamaica;1955;0.526;0.365
Jamaica;1956;0.554;0.375
Jamaica;1957;0.554;0.375
Jamaica;1958;0.554;0.375
Jamaica;1959;0.533;0.359
Jamaica;1960;0.519;0.374
Jamaica;1961;0.524;0.377
Jamaica;1962;0.55;0.396
Jamaica;1963;0.563;0.403
Jamaica;1964;0.563;0.418
Jamaica;1965;0.553;0.413
Jamaica;1966;0.553;0.413
Jamaica;1967;0.521;0.39
Jamaica;1968;0.511;0.392
Jamaica;1969;0.555;0.428
Jamaica;1970;0.566;0.434
Jamaica;1971;0.566;0.434
Jamaica;1972;0.527;0.404
Jamaica;1973;0.546;0.417
Jamaica;1974;0.537;0.407
Jamaica;1975;0.567;0.432
Jamaica;1976;0.57;0.434
Jamaica;1977;0.531;0.418
Jamaica;1978;0.472;0.38
Jamaica;1979;0.515;0.396
Jamaica;1980;0.49;0.392
Jamaica;1981;0.473;0.37
Jamaica;1982;0.473;0.37
Jamaica;1983;0.475;0.372
Jamaica;1984;0.535;0.414
Jamaica;1985;0.53;0.413
Jamaica;1986;0.53;0.413
Jamaica;1987;0.53;0.413
Jamaica;1988;0.53;0.422
Jamaica;1989;0.583;0.451
Jamaica;1990;0.588;0.463
Jamaica;1991;0.588;0.479
Jamaica;1992;0.588;0.477
Jamaica;1993;0.639;0.507
Jamaica;1994;0.649;0.511
Jamaica;1995;0.661;0.521
Jamaica;1996;0.667;0.532
Jamaica;1997;0.668;0.532
Jamaica;1998;0.712;0.565
Jamaica;1999;0.715;0.57
Jamaica;2000;0.682;0.567
Jamaica;2001;0.682;0.567
Jamaica;2002;0.691;0.574
Jamaica;2003;0.782;0.661
Jamaica;2004;0.782;0.66
Jamaica;2005;0.776;0.664
Jamaica;2006;0.782;0.656
Jamaica;2007;0.784;0.658
Jamaica;2008;0.803;0.69
Jamaica;2009;0.804;0.682
Jamaica;2010;0.8;0.69
Jamaica;2011;0.8;0.685
Jamaica;2012;0.79;0.679
Jamaica;2013;0.817;0.705
Jamaica;2014;0.833;0.725
Jamaica;2015;0.833;0.72
Jamaica;2016;0.812;0.695
Jamaica;2017;0.819;0.723
Jamaica;2018;0.799;0.691
Jamaica;2019;0.81;0.69
Trinidad and Tobago;1950;0.311;0.275
Trinidad and Tobago;1951;0.324;0.278
Trinidad and Tobago;1952;0.324;0.279
Trinidad and Tobago;1953;0.324;0.277
Trinidad and Tobago;1954;0.324;0.277
Trinidad and Tobago;1955;0.316;0.275
Trinidad and Tobago;1956;0.495;0.378
Trinidad and Tobago;1957;0.52;0.383
Trinidad and Tobago;1958;0.496;0.376
Trinidad and Tobago;1959;0.496;0.376
Trinidad and Tobago;1960;0.512;0.391
Trinidad and Tobago;1961;0.514;0.398
Trinidad and Tobago;1962;0.536;0.435
Trinidad and Tobago;1963;0.562;0.463
Trinidad and Tobago;1964;0.568;0.464
Trinidad and Tobago;1965;0.573;0.471
Trinidad and Tobago;1966;0.585;0.473
Trinidad and Tobago;1967;0.66;0.53
Trinidad and Tobago;1968;0.658;0.518
Trinidad and Tobago;1969;0.645;0.526
Trinidad and Tobago;1970;0.644;0.516
Trinidad and Tobago;1971;0.589;0.476
Trinidad and Tobago;1972;0.553;0.453
Trinidad and Tobago;1973;0.565;0.462
Trinidad and Tobago;1974;0.565;0.462
Trinidad and Tobago;1975;0.563;0.461
Trinidad and Tobago;1976;0.578;0.475
Trinidad and Tobago;1977;0.669;0.549
Trinidad and Tobago;1978;0.662;0.554
Trinidad and Tobago;1979;0.662;0.545
Trinidad and Tobago;1980;0.686;0.567
Trinidad and Tobago;1981;0.7;0.571
Trinidad and Tobago;1982;0.69;0.575
Trinidad and Tobago;1983;0.69;0.575
Trinidad and Tobago;1984;0.69;0.575
Trinidad and Tobago;1985;0.69;0.586
Trinidad and Tobago;1986;0.693;0.589
Trinidad and Tobago;1987;0.772;0.653
Trinidad and Tobago;1988;0.772;0.653
Trinidad and Tobago;1989;0.772;0.653
Trinidad and Tobago;1990;0.774;0.661
Trinidad and Tobago;1991;0.776;0.659
Trinidad and Tobago;1992;0.781;0.666
Trinidad and Tobago;1993;0.781;0.666
Trinidad and Tobago;1994;0.781;0.668
Trinidad and Tobago;1995;0.775;0.659
Trinidad and Tobago;1996;0.762;0.648
Trinidad and Tobago;1997;0.787;0.658
Trinidad and Tobago;1998;0.787;0.658
Trinidad and Tobago;1999;0.787;0.658
Trinidad and Tobago;2000;0.764;0.63
Trinidad and Tobago;2001;0.733;0.629
Trinidad and Tobago;2002;0.759;0.625
Trinidad and Tobago;2003;0.762;0.653
Trinidad and Tobago;2004;0.746;0.643
Trinidad and Tobago;2005;0.77;0.66
Trinidad and Tobago;2006;0.762;0.651
Trinidad and Tobago;2007;0.774;0.663
Trinidad and Tobago;2008;0.787;0.679
Trinidad and Tobago;2009;0.782;0.672
Trinidad and Tobago;2010;0.805;0.69
Trinidad and Tobago;2011;0.791;0.683
Trinidad and Tobago;2012;0.791;0.679
Trinidad and Tobago;2013;0.737;0.63
Trinidad and Tobago;2014;0.732;0.632
Trinidad and Tobago;2015;0.733;0.622
Trinidad and Tobago;2016;0.726;0.618
Trinidad and Tobago;2017;0.724;0.61
Trinidad and Tobago;2018;0.775;0.655
Trinidad and Tobago;2019;0.744;0.633
Barbados;1950;0.167;0.207
Barbados;1951;0.224;0.24
Barbados;1952;0.341;0.292
Barbados;1953;0.341;0.288
Barbados;1954;0.47;0.36
Barbados;1955;0.47;0.362
Barbados;1956;0.456;0.358
Barbados;1957;0.476;0.368
Barbados;1958;0.476;0.371
Barbados;1959;0.476;0.371
Barbados;1960;0.609;0.452
Barbados;1961;0.604;0.467
Barbados;1962;0.631;0.486
Barbados;1963;0.625;0.47
Barbados;1964;0.625;0.47
Barbados;1965;0.625;0.47
Barbados;1966;0.668;0.559
Barbados;1967;0.703;0.593
Barbados;1968;0.703;0.593
Barbados;1969;0.728;0.615
Barbados;1970;0.744;0.639
Barbados;1971;0.733;0.625
Barbados;1972;0.706;0.604
Barbados;1973;0.716;0.614
Barbados;1974;0.716;0.614
Barbados;1975;0.716;0.614
Barbados;1976;0.721;0.618
Barbados;1977;0.768;0.664
Barbados;1978;0.768;0.664
Barbados;1979;0.768;0.664
Barbados;1980;0.766;0.674
Barbados;1981;0.746;0.651
Barbados;1982;0.724;0.622
Barbados;1983;0.724;0.62
Barbados;1984;0.724;0.62
Barbados;1985;0.724;0.624
Barbados;1986;0.765;0.665
Barbados;1987;0.799;0.698
Barbados;1988;0.799;0.698
Barbados;1989;0.799;0.695
Barbados;1990;0.763;0.663
Barbados;1991;0.759;0.66
Barbados;1992;0.768;0.67
Barbados;1993;0.768;0.661
Barbados;1994;0.765;0.658
Barbados;1995;0.758;0.652
Barbados;1996;0.758;0.652
Barbados;1997;0.758;0.652
Barbados;1998;0.758;0.652
Barbados;1999;0.757;0.648
Barbados;2000;0.757;0.649
Barbados;2001;0.757;0.649
Barbados;2002;0.757;0.645
Barbados;2003;0.783;0.672
Barbados;2004;0.799;0.682
Barbados;2005;0.797;0.686
Barbados;2006;0.797;0.685
Barbados;2007;0.797;0.688
Barbados;2008;0.78;0.673
Barbados;2009;0.779;0.672
Barbados;2010;0.779;0.665
Barbados;2011;0.779;0.664
Barbados;2012;0.779;0.664
Barbados;2013;0.783;0.67
Barbados;2014;0.783;0.672
Barbados;2015;0.78;0.657
Barbados;2016;0.785;0.664
Barbados;2017;0.766;0.668
Barbados;2018;0.778;0.672
Barbados;2019;0.822;0.726
Cuba;1950;0.415;0.312
Cuba;1951;0.407;0.291
Cuba;1952;0.23;0.189
Cuba;1953;0.196;0.127
Cuba;1954;0.198;0.124
Cuba;1955;0.269;0.146
Cuba;1956;0.28;0.148
Cuba;1957;0.277;0.148
Cuba;1958;0.277;0.149
Cuba;1959;0.129;0.061
Cuba;1960;0.101;0.057
Cuba;1961;0.074;0.051
Cuba;1962;0.075;0.047
Cuba;1963;0.075;0.054
Cuba;1964;0.075;0.054
Cuba;1965;0.075;0.039
Cuba;1966;0.073;0.044
Cuba;1967;0.073;0.044
Cuba;1968;0.073;0.044
Cuba;1969;0.073;0.052
Cuba;1970;0.073;0.049
Cuba;1971;0.072;0.048
Cuba;1972;0.072;0.048
Cuba;1973;0.072;0.048
Cuba;1974;0.072;0.048
Cuba;1975;0.072;0.048
Cuba;1976;0.072;0.05
Cuba;1977;0.072;0.058
Cuba;1978;0.072;0.058
Cuba;1979;0.072;0.061
Cuba;1980;0.074;0.063
Cuba;1981;0.074;0.063
Cuba;1982;0.074;0.063
Cuba;1983;0.074;0.063
Cuba;1984;0.074;0.063
Cuba;1985;0.074;0.063
Cuba;1986;0.074;0.057
Cuba;1987;0.073;0.057
Cuba;1988;0.073;0.057
Cuba;1989;0.073;0.057
Cuba;1990;0.073;0.061
Cuba;1991;0.073;0.061
Cuba;1992;0.073;0.055
Cuba;1993;0.113;0.059
Cuba;1994;0.12;0.06
Cuba;1995;0.12;0.06
Cuba;1996;0.12;0.066
Cuba;1997;0.124;0.063
Cuba;1998;0.121;0.065
Cuba;1999;0.121;0.065
Cuba;2000;0.114;0.064
Cuba;2001;0.114;0.071
Cuba;2002;0.114;0.071
Cuba;2003;0.12;0.068
Cuba;2004;0.12;0.068
Cuba;2005;0.124;0.069
Cuba;2006;0.125;0.068
Cuba;2007;0.122;0.071
Cuba;2008;0.174;0.08
Cuba;2009;0.177;0.076
Cuba;2010;0.177;0.07
Cuba;2011;0.176;0.078
Cuba;2012;0.176;0.069
Cuba;2013;0.181;0.083
Cuba;2014;0.182;0.081
Cuba;2015;0.182;0.082
Cuba;2016;0.183;0.09
Cuba;2017;0.176;0.091
Cuba;2018;0.181;0.083
Cuba;2019;0.203;0.09
Guyana;1950;0.242;0.183
Guyana;1951;0.241;0.184
Guyana;1952;0.278;0.197
Guyana;1953;0.197;0.154
Guyana;1954;0.202;0.154
Guyana;1955;0.206;0.155
Guyana;1956;0.206;0.155
Guyana;1957;0.236;0.174
Guyana;1958;0.307;0.221
Guyana;1959;0.307;0.221
Guyana;1960;0.309;0.214
Guyana;1961;0.301;0.216
Guyana;1962;0.303;0.217
Guyana;1963;0.303;0.217
Guyana;1964;0.302;0.213
Guyana;1965;0.289;0.207
Guyana;1966;0.319;0.213
Guyana;1967;0.468;0.267
Guyana;1968;0.463;0.259
Guyana;1969;0.339;0.211
Guyana;1970;0.341;0.225
Guyana;1971;0.353;0.231
Guyana;1972;0.335;0.224
Guyana;1973;0.321;0.218
Guyana;1974;0.301;0.214
Guyana;1975;0.301;0.214
Guyana;1976;0.296;0.21
Guyana;1977;0.268;0.193
Guyana;1978;0.274;0.196
Guyana;1979;0.272;0.195
Guyana;1980;0.276;0.19
Guyana;1981;0.242;0.173
Guyana;1982;0.242;0.173
Guyana;1983;0.242;0.173
Guyana;1984;0.248;0.19
Guyana;1985;0.243;0.185
Guyana;1986;0.289;0.195
Guyana;1987;0.314;0.206
Guyana;1988;0.3;0.21
Guyana;1989;0.287;0.207
Guyana;1990;0.304;0.217
Guyana;1991;0.308;0.219
Guyana;1992;0.33;0.234
Guyana;1993;0.447;0.304
Guyana;1994;0.447;0.31
Guyana;1995;0.447;0.31
Guyana;1996;0.447;0.31
Guyana;1997;0.453;0.318
Guyana;1998;0.532;0.351
Guyana;1999;0.547;0.367
Guyana;2000;0.543;0.357
Guyana;2001;0.609;0.409
Guyana;2002;0.62;0.411
Guyana;2003;0.607;0.403
Guyana;2004;0.607;0.407
Guyana;2005;0.607;0.402
Guyana;2006;0.594;0.394
Guyana;2007;0.606;0.402
Guyana;2008;0.602;0.406
Guyana;2009;0.641;0.415
Guyana;2010;0.593;0.404
Guyana;2011;0.6;0.409
Guyana;2012;0.59;0.387
Guyana;2013;0.597;0.425
Guyana;2014;0.609;0.414
Guyana;2015;0.623;0.435
Guyana;2016;0.687;0.507
Guyana;2017;0.658;0.477
Guyana;2018;0.686;0.471
Guyana;2019;0.673;0.421
Paraguay;1950;0.167;0.059
Paraguay;1951;0.16;0.059
Paraguay;1952;0.16;0.059
Paraguay;1953;0.163;0.062
Paraguay;1954;0.145;0.051
Paraguay;1955;0.126;0.043
Paraguay;1956;0.126;0.043
Paraguay;1957;0.126;0.048
Paraguay;1958;0.127;0.046
Paraguay;1959;0.1;0.031
Paraguay;1960;0.091;0.03
Paraguay;1961;0.123;0.039
Paraguay;1962;0.157;0.044
Paraguay;1963;0.16;0.045
Paraguay;1964;0.166;0.046
Paraguay;1965;0.166;0.046
Paraguay;1966;0.166;0.043
Paraguay;1967;0.166;0.044
Paraguay;1968;0.164;0.047
Paraguay;1969;0.172;0.048
Paraguay;1970;0.172;0.048
Paraguay;1971;0.172;0.048
Paraguay;1972;0.172;0.048
Paraguay;1973;0.169;0.047
Paraguay;1974;0.171;0.048
Paraguay;1975;0.171;0.048
Paraguay;1976;0.171;0.048
Paraguay;1977;0.164;0.047
Paraguay;1978;0.165;0.047
Paraguay;1979;0.165;0.047
Paraguay;1980;0.166;0.044
Paraguay;1981;0.166;0.044
Paraguay;1982;0.166;0.044
Paraguay;1983;0.165;0.044
Paraguay;1984;0.165;0.044
Paraguay;1985;0.168;0.044
Paraguay;1986;0.168;0.049
Paraguay;1987;0.165;0.054
Paraguay;1988;0.172;0.055
Paraguay;1989;0.181;0.069
Paraguay;1990;0.422;0.21
Paraguay;1991;0.424;0.211
Paraguay;1992;0.468;0.293
Paraguay;1993;0.497;0.345
Paraguay;1994;0.547;0.387
Paraguay;1995;0.547;0.387
Paraguay;1996;0.554;0.405
Paraguay;1997;0.545;0.382
Paraguay;1998;0.546;0.389
Paraguay;1999;0.547;0.4
Paraguay;2000;0.574;0.425
Paraguay;2001;0.574;0.425
Paraguay;2002;0.574;0.425
Paraguay;2003;0.579;0.431
Paraguay;2004;0.603;0.455
Paraguay;2005;0.603;0.45
Paraguay;2006;0.603;0.442
Paraguay;2007;0.603;0.453
Paraguay;2008;0.623;0.491
Paraguay;2009;0.668;0.512
Paraguay;2010;0.627;0.478
Paraguay;2011;0.648;0.506
Paraguay;2012;0.65;0.507
Paraguay;2013;0.587;0.416
Paraguay;2014;0.601;0.426
Paraguay;2015;0.601;0.419
Paraguay;2016;0.615;0.438
Paraguay;2017;0.615;0.43
Paraguay;2018;0.587;0.405
Paraguay;2019;0.601;0.427
